Article Name,Magazine Number,Serial Number,Magazine ID,Magazine Month,Cover,Article ID,Article Link
اتحاد اسلامی قرآن و سنت کا پیغام,1,-,VmtngLrjBrEwOldvIT1q,December 2008,https://firebasestorage.googleapis.com/v0/b/mashrabenaab-203cb.appspot.com/o/magazine_cover_images%2F1675230696082?alt=media&token=4f9f76ca-a147-4425-97fa-f6518830adff,AyVVmuftUn4Oycz9Fi6j,https://firebasestorage.googleapis.com/v0/b/mashrabenaab-203cb.appspot.com/o/article_htmls%2F%D8%AF%D8%B3%D9%85%D8%A8%D8%B1%09%DB%B2%DB%B0%DB%B0%DB%B81675260173613.html?alt=media&token=6234f94b-aa99-439a-a1ce-0094d6828d25
اسلامی مراکز عظیم سرمایہ حوزہ علمیہ قم,1,-,VmtngLrjBrEwOldvIT1q,December 2008,https://firebasestorage.googleapis.com/v0/b/mashrabenaab-203cb.appspot.com/o/magazine_cover_images%2F1675230696082?alt=media&token=4f9f76ca-a147-4425-97fa-f6518830adff,BCrk1zGFGHmhfo635AQ4,https://firebasestorage.googleapis.com/v0/b/mashrabenaab-203cb.appspot.com/o/article_htmls%2F%D8%AF%D8%B3%D9%85%D8%A8%D8%B1%09%DB%B2%DB%B0%DB%B0%DB%B81675260023373.html?alt=media&token=bc394709-2261-4d2a-bb39-1f5121a63d73
افکار امام کی نظریاتی بنیادیں,1,1,VmtngLrjBrEwOldvIT1q,December 2008,https://firebasestorage.googleapis.com/v0/b/mashrabenaab-203cb.appspot.com/o/magazine_cover_images%2F1675230696082?alt=media&token=4f9f76ca-a147-4425-97fa-f6518830adff,K6vOVoIoq6kXfrbN8WDC,https://firebasestorage.googleapis.com/v0/b/mashrabenaab-203cb.appspot.com/o/article_htmls%2F%D8%AF%D8%B3%D9%85%D8%A8%D8%B1%09%DB%B2%DB%B0%DB%B0%DB%B81675259398799.html?alt=media&token=7d0fbfb8-b96e-4fda-ab6c-4e59a0e899b6
پا کستان امریکہ کا میدان جنگ؟,1,-,VmtngLrjBrEwOldvIT1q,December 2008,https://firebasestorage.googleapis.com/v0/b/mashrabenaab-203cb.appspot.com/o/magazine_cover_images%2F1675230696082?alt=media&token=4f9f76ca-a147-4425-97fa-f6518830adff,NJF6YTwudolj5J45cFZa,https://firebasestorage.googleapis.com/v0/b/mashrabenaab-203cb.appspot.com/o/article_htmls%2F%D8%AF%D8%B3%D9%85%D8%A8%D8%B1%09%DB%B2%DB%B0%DB%B0%DB%B81675259530393.html?alt=media&token=565614d5-b34b-4770-8034-5a01ce5755ae
جمہوریت + امریت =  ماموریت,1,-,VmtngLrjBrEwOldvIT1q,December 2008,https://firebasestorage.googleapis.com/v0/b/mashrabenaab-203cb.appspot.com/o/magazine_cover_images%2F1675230696082?alt=media&token=4f9f76ca-a147-4425-97fa-f6518830adff,ItvmgGMLgYgFZayOTQ9G,https://firebasestorage.googleapis.com/v0/b/mashrabenaab-203cb.appspot.com/o/article_htmls%2F%D8%AF%D8%B3%D9%85%D8%A8%D8%B1%09%DB%B2%DB%B0%DB%B0%DB%B81675259289062.html?alt=media&token=4f7d0077-2d62-4481-8c21-309dfaf599bc
حج نیا جنم,1,-,VmtngLrjBrEwOldvIT1q,December 2008,https://firebasestorage.googleapis.com/v0/b/mashrabenaab-203cb.appspot.com/o/magazine_cover_images%2F1675230696082?alt=media&token=4f9f76ca-a147-4425-97fa-f6518830adff,cGHf1WstLvwdsOvXfNTw,https://firebasestorage.googleapis.com/v0/b/mashrabenaab-203cb.appspot.com/o/article_htmls%2F%D8%AF%D8%B3%D9%85%D8%A8%D8%B1%09%DB%B2%DB%B0%DB%B0%DB%B81675260197477.html?alt=media&token=85bc357f-e384-421c-92c3-15502a677196
شناخت قران,1,1,VmtngLrjBrEwOldvIT1q,December 2008,https://firebasestorage.googleapis.com/v0/b/mashrabenaab-203cb.appspot.com/o/magazine_cover_images%2F1675230696082?alt=media&token=4f9f76ca-a147-4425-97fa-f6518830adff,4MKABvJaw6DWtWSDwawy,https://firebasestorage.googleapis.com/v0/b/mashrabenaab-203cb.appspot.com/o/article_htmls%2F%D8%AF%D8%B3%D9%85%D8%A8%D8%B1%09%DB%B2%DB%B0%DB%B0%DB%B81675259232276.html?alt=media&token=26c8c8e7-2453-46a7-b7ab-952d7225dc1c
مشرب ناب در سخن ناب,1,1,VmtngLrjBrEwOldvIT1q,December 2008,https://firebasestorage.googleapis.com/v0/b/mashrabenaab-203cb.appspot.com/o/magazine_cover_images%2F1675230696082?alt=media&token=4f9f76ca-a147-4425-97fa-f6518830adff,Feu1exZjtR3kRpRt89A2,https://firebasestorage.googleapis.com/v0/b/mashrabenaab-203cb.appspot.com/o/article_htmls%2F%D8%AF%D8%B3%D9%85%D8%A8%D8%B1%09%DB%B2%DB%B0%DB%B0%DB%B81675259201785.html?alt=media&token=522e2659-9132-4788-97a5-fbd3ed9b637b
نہج البلاغہ علی کی دنیا,1,1,VmtngLrjBrEwOldvIT1q,December 2008,https://firebasestorage.googleapis.com/v0/b/mashrabenaab-203cb.appspot.com/o/magazine_cover_images%2F1675230696082?alt=media&token=4f9f76ca-a147-4425-97fa-f6518830adff,FNFqPMn18OFCLCbefNT7,https://firebasestorage.googleapis.com/v0/b/mashrabenaab-203cb.appspot.com/o/article_htmls%2F%D8%AF%D8%B3%D9%85%D8%A8%D8%B1%09%DB%B2%DB%B0%DB%B0%DB%B81675259509726.html?alt=media&token=d86eeee6-fd1d-4528-9602-26290a125c59
ولایت حزب اللہ کی کامیابی کا راز,1,-,VmtngLrjBrEwOldvIT1q,December 2008,https://firebasestorage.googleapis.com/v0/b/mashrabenaab-203cb.appspot.com/o/magazine_cover_images%2F1675230696082?alt=media&token=4f9f76ca-a147-4425-97fa-f6518830adff,qZ24p7Lnug4xKrRuhPVQ,https://firebasestorage.googleapis.com/v0/b/mashrabenaab-203cb.appspot.com/o/article_htmls%2F%D8%AF%D8%B3%D9%85%D8%A8%D8%B1%09%DB%B2%DB%B0%DB%B0%DB%B81675260118870.html?alt=media&token=0f64e445-7ba4-4da2-9f8d-82df83856bc7
اسلامی مراکز حوزہ علمیہ قم,2,-,tUxXq3P3hXHbC9qFaWi3,February 2009,https://firebasestorage.googleapis.com/v0/b/mashrabenaab-203cb.appspot.com/o/magazine_cover_images%2F1675233588767?alt=media&token=c7ae3dce-4814-479b-b4ca-b5018ad16fd7,hsjye3Fa9uuJuUGhHAsz,https://firebasestorage.googleapis.com/v0/b/mashrabenaab-203cb.appspot.com/o/article_htmls%2F%D9%81%D8%B1%D9%88%D8%B1%DB%8C%09%DB%B2%DB%B0%DB%B0%DB%B91675258417741.html?alt=media&token=11ef0477-7704-47fc-977b-a2966a7aaa3c
افکار امام کی نظریاتی بنیادیں,2,2,tUxXq3P3hXHbC9qFaWi3,February 2009,https://firebasestorage.googleapis.com/v0/b/mashrabenaab-203cb.appspot.com/o/magazine_cover_images%2F1675233588767?alt=media&token=c7ae3dce-4814-479b-b4ca-b5018ad16fd7,aPfgs0M64FAtAJh2RRo3,https://firebasestorage.googleapis.com/v0/b/mashrabenaab-203cb.appspot.com/o/article_htmls%2F%D9%81%D8%B1%D9%88%D8%B1%DB%8C%09%DB%B2%DB%B0%DB%B0%DB%B91675258228409.html?alt=media&token=1abf3f3e-0845-459e-8e69-65ff5d6b580c
حماسہ حسینی,2,-,tUxXq3P3hXHbC9qFaWi3,February 2009,https://firebasestorage.googleapis.com/v0/b/mashrabenaab-203cb.appspot.com/o/magazine_cover_images%2F1675233588767?alt=media&token=c7ae3dce-4814-479b-b4ca-b5018ad16fd7,82qmTuZRZEUt4NLxy1a5,https://firebasestorage.googleapis.com/v0/b/mashrabenaab-203cb.appspot.com/o/article_htmls%2F%D9%81%D8%B1%D9%88%D8%B1%DB%8C%09%DB%B2%DB%B0%DB%B0%DB%B91675258187389.html?alt=media&token=a87f560c-2f84-4f51-9d61-cce5b2717b0d
رمی شیطان,2,-,tUxXq3P3hXHbC9qFaWi3,February 2009,https://firebasestorage.googleapis.com/v0/b/mashrabenaab-203cb.appspot.com/o/magazine_cover_images%2F1675233588767?alt=media&token=c7ae3dce-4814-479b-b4ca-b5018ad16fd7,KpyhHv8e047PZ9ndR4KD,https://firebasestorage.googleapis.com/v0/b/mashrabenaab-203cb.appspot.com/o/article_htmls%2F%D9%81%D8%B1%D9%88%D8%B1%DB%8C%09%DB%B2%DB%B0%DB%B0%DB%B91675258534467.html?alt=media&token=eed59667-2cdf-4180-b77b-1f2652a41636
شناخت قران,2,2,tUxXq3P3hXHbC9qFaWi3,February 2009,https://firebasestorage.googleapis.com/v0/b/mashrabenaab-203cb.appspot.com/o/magazine_cover_images%2F1675233588767?alt=media&token=c7ae3dce-4814-479b-b4ca-b5018ad16fd7,ftzaystjpOVGTw43RavD,https://firebasestorage.googleapis.com/v0/b/mashrabenaab-203cb.appspot.com/o/article_htmls%2F%D9%81%D8%B1%D9%88%D8%B1%DB%8C%09%DB%B2%DB%B0%DB%B0%DB%B91675253452370.html?alt=media&token=1202054d-fb00-4d98-a255-15d2faa7a3ba
عراق کی نیلامی عراقیوں کی غلامی,2,-,tUxXq3P3hXHbC9qFaWi3,February 2009,https://firebasestorage.googleapis.com/v0/b/mashrabenaab-203cb.appspot.com/o/magazine_cover_images%2F1675233588767?alt=media&token=c7ae3dce-4814-479b-b4ca-b5018ad16fd7,YG9x5PVdxQyvZ6SklMtt,https://firebasestorage.googleapis.com/v0/b/mashrabenaab-203cb.appspot.com/o/article_htmls%2F%D9%81%D8%B1%D9%88%D8%B1%DB%8C%09%DB%B2%DB%B0%DB%B0%DB%B91675258395400.html?alt=media&token=90fa89e5-7852-469b-a6bf-3213efad3337
فلسفہ شہادت,2,-,tUxXq3P3hXHbC9qFaWi3,February 2009,https://firebasestorage.googleapis.com/v0/b/mashrabenaab-203cb.appspot.com/o/magazine_cover_images%2F1675233588767?alt=media&token=c7ae3dce-4814-479b-b4ca-b5018ad16fd7,l0IJY1XEItBzEbMbVmMt,https://firebasestorage.googleapis.com/v0/b/mashrabenaab-203cb.appspot.com/o/article_htmls%2F%D9%81%D8%B1%D9%88%D8%B1%DB%8C%09%DB%B2%DB%B0%DB%B0%DB%B91675258373071.html?alt=media&token=b8f6e76c-b668-408d-a5ef-5b6da36fb66f
مشرب ناب در سخن ناب,2,2,tUxXq3P3hXHbC9qFaWi3,February 2009,https://firebasestorage.googleapis.com/v0/b/mashrabenaab-203cb.appspot.com/o/magazine_cover_images%2F1675233588767?alt=media&token=c7ae3dce-4814-479b-b4ca-b5018ad16fd7,R6abheONwxStYLnGuWjB,https://firebasestorage.googleapis.com/v0/b/mashrabenaab-203cb.appspot.com/o/article_htmls%2F%D9%81%D8%B1%D9%88%D8%B1%DB%8C%09%DB%B2%DB%B0%DB%B0%DB%B91675253415064.html?alt=media&token=8d59b35e-53c2-4e34-91c0-b74825612e31
نہج البلاغہ علی کی دنیا,2,2,tUxXq3P3hXHbC9qFaWi3,February 2009,https://firebasestorage.googleapis.com/v0/b/mashrabenaab-203cb.appspot.com/o/magazine_cover_images%2F1675233588767?alt=media&token=c7ae3dce-4814-479b-b4ca-b5018ad16fd7,2jWL8qbK7AyrAbVWYhid,https://firebasestorage.googleapis.com/v0/b/mashrabenaab-203cb.appspot.com/o/article_htmls%2F%D9%81%D8%B1%D9%88%D8%B1%DB%8C%09%DB%B2%DB%B0%DB%B0%DB%B91675258311969.html?alt=media&token=02d1e3d3-58a9-4b76-8429-ee4bab67bda3
وطن کی فکر کر ناداں,2,-,tUxXq3P3hXHbC9qFaWi3,February 2009,https://firebasestorage.googleapis.com/v0/b/mashrabenaab-203cb.appspot.com/o/magazine_cover_images%2F1675233588767?alt=media&token=c7ae3dce-4814-479b-b4ca-b5018ad16fd7,fFH2T29anufifV9gDJQ8,https://firebasestorage.googleapis.com/v0/b/mashrabenaab-203cb.appspot.com/o/article_htmls%2F%D9%81%D8%B1%D9%88%D8%B1%DB%8C%09%DB%B2%DB%B0%DB%B0%DB%B91675258346913.html?alt=media&token=3ea99c4e-2d9f-4059-a91a-08bb53d1db37
اسوہ و سیرت,3,-,EQdKCwMYXsHsPbUixPIC,April 2009,https://firebasestorage.googleapis.com/v0/b/mashrabenaab-203cb.appspot.com/o/magazine_cover_images%2F1675233667556?alt=media&token=7edb2995-90df-4c37-a6bc-fea7d1d357a6,0zIKcx32J2UpPywBQWlZ,https://firebasestorage.googleapis.com/v0/b/mashrabenaab-203cb.appspot.com/o/article_htmls%2F%D8%A7%D9%BE%D8%B1%DB%8C%D9%84%09%DB%B2%DB%B0%DB%B0%DB%B91675253087335.html?alt=media&token=41972bd1-c763-4ea4-973f-9afec8c11757
افکار امام کی نظریاتی بنیادیں,3,3,EQdKCwMYXsHsPbUixPIC,April 2009,https://firebasestorage.googleapis.com/v0/b/mashrabenaab-203cb.appspot.com/o/magazine_cover_images%2F1675233667556?alt=media&token=7edb2995-90df-4c37-a6bc-fea7d1d357a6,nKnzhem8nU9EquyQhAi4,https://firebasestorage.googleapis.com/v0/b/mashrabenaab-203cb.appspot.com/o/article_htmls%2F%D8%A7%D9%BE%D8%B1%DB%8C%D9%84%09%DB%B2%DB%B0%DB%B0%DB%B91675253119499.html?alt=media&token=b3055964-4bc7-425f-a363-e70164f6bc79
انقلاب اسلامی سر چشمہ وحدت,3,-,EQdKCwMYXsHsPbUixPIC,April 2009,https://firebasestorage.googleapis.com/v0/b/mashrabenaab-203cb.appspot.com/o/magazine_cover_images%2F1675233667556?alt=media&token=7edb2995-90df-4c37-a6bc-fea7d1d357a6,i3ljtbXU421ejIYt1Cug,https://firebasestorage.googleapis.com/v0/b/mashrabenaab-203cb.appspot.com/o/article_htmls%2F%D8%A7%D9%BE%D8%B1%DB%8C%D9%84%09%DB%B2%DB%B0%DB%B0%DB%B91675253271887.html?alt=media&token=e89f25ce-4035-4cb7-9fdf-193398fb57af
تفرقہ میراث یزیدیت,3,-,EQdKCwMYXsHsPbUixPIC,April 2009,https://firebasestorage.googleapis.com/v0/b/mashrabenaab-203cb.appspot.com/o/magazine_cover_images%2F1675233667556?alt=media&token=7edb2995-90df-4c37-a6bc-fea7d1d357a6,IC03pjSEdMfg3kUp3qYB,https://firebasestorage.googleapis.com/v0/b/mashrabenaab-203cb.appspot.com/o/article_htmls%2F%D8%A7%D9%BE%D8%B1%DB%8C%D9%84%09%DB%B2%DB%B0%DB%B0%DB%B91675253203060.html?alt=media&token=90bd2ec2-45d5-4b55-822d-b62196f6531a
شناخت قران,3,3,EQdKCwMYXsHsPbUixPIC,April 2009,https://firebasestorage.googleapis.com/v0/b/mashrabenaab-203cb.appspot.com/o/magazine_cover_images%2F1675233667556?alt=media&token=7edb2995-90df-4c37-a6bc-fea7d1d357a6,kAKFnYMVy6HDrwuKfvfp,https://firebasestorage.googleapis.com/v0/b/mashrabenaab-203cb.appspot.com/o/article_htmls%2F%D8%A7%D9%BE%D8%B1%DB%8C%D9%84%09%DB%B2%DB%B0%DB%B0%DB%B91675253064042.html?alt=media&token=6a560086-01df-4a0a-9761-34f3a800b372
غزہ میں حماس کی مقا و مت اور اسرائیلی مقاصد,3,-,EQdKCwMYXsHsPbUixPIC,April 2009,https://firebasestorage.googleapis.com/v0/b/mashrabenaab-203cb.appspot.com/o/magazine_cover_images%2F1675233667556?alt=media&token=7edb2995-90df-4c37-a6bc-fea7d1d357a6,LEoAf88plrudEjDP5p5v,https://firebasestorage.googleapis.com/v0/b/mashrabenaab-203cb.appspot.com/o/article_htmls%2F%D8%A7%D9%BE%D8%B1%DB%8C%D9%84%09%DB%B2%DB%B0%DB%B0%DB%B91675253225744.html?alt=media&token=8b7ac5fb-5577-4c8c-8c83-74c543793177
مشرب ناب در سخن ناب,3,3,EQdKCwMYXsHsPbUixPIC,April 2009,https://firebasestorage.googleapis.com/v0/b/mashrabenaab-203cb.appspot.com/o/magazine_cover_images%2F1675233667556?alt=media&token=7edb2995-90df-4c37-a6bc-fea7d1d357a6,1MPaVCnI4BMTucvJ9RKN,https://firebasestorage.googleapis.com/v0/b/mashrabenaab-203cb.appspot.com/o/article_htmls%2F%D8%A7%D9%BE%D8%B1%DB%8C%D9%84%09%DB%B2%DB%B0%DB%B0%DB%B91675253020133.html?alt=media&token=84666743-2c74-4be3-a391-2286f3e3683d
وطن کی فکر کر ناداں,3,-,EQdKCwMYXsHsPbUixPIC,April 2009,https://firebasestorage.googleapis.com/v0/b/mashrabenaab-203cb.appspot.com/o/magazine_cover_images%2F1675233667556?alt=media&token=7edb2995-90df-4c37-a6bc-fea7d1d357a6,zkThMKxoiVSLnZPP064X,https://firebasestorage.googleapis.com/v0/b/mashrabenaab-203cb.appspot.com/o/article_htmls%2F%D8%A7%D9%BE%D8%B1%DB%8C%D9%84%09%DB%B2%DB%B0%DB%B0%DB%B91675253175290.html?alt=media&token=13c552e6-d4a5-4f4f-9101-9da94699cecd
اسلامی مراکز حوزہ علمیہ کا تعلیمی نظام,4,-,p2gpgKlHr4xZ9CCnYdHJ,June 2009,https://firebasestorage.googleapis.com/v0/b/mashrabenaab-203cb.appspot.com/o/magazine_cover_images%2F1675233703807?alt=media&token=0cab6fba-cfaf-446d-b204-6f889e63b328,9dCVLnl4nJillLhuDGyM,https://firebasestorage.googleapis.com/v0/b/mashrabenaab-203cb.appspot.com/o/article_htmls%2F%D8%AC%D9%88%D9%86%09%DB%B2%DB%B0%DB%B0%DB%B91675252973344.html?alt=media&token=2b10b1a5-8521-4c03-9d2c-79717b06415b
افکار امام کی نظریاتی بنیادیں,4,4,p2gpgKlHr4xZ9CCnYdHJ,June 2009,https://firebasestorage.googleapis.com/v0/b/mashrabenaab-203cb.appspot.com/o/magazine_cover_images%2F1675233703807?alt=media&token=0cab6fba-cfaf-446d-b204-6f889e63b328,WrTvhDbzxu4L4ekOls9F,https://firebasestorage.googleapis.com/v0/b/mashrabenaab-203cb.appspot.com/o/article_htmls%2F%D8%AC%D9%88%D9%86%09%DB%B2%DB%B0%DB%B0%DB%B91675252618800.html?alt=media&token=51f44461-8026-4619-8ee6-c96de19ee0ca
شناخت قران,4,4,p2gpgKlHr4xZ9CCnYdHJ,June 2009,https://firebasestorage.googleapis.com/v0/b/mashrabenaab-203cb.appspot.com/o/magazine_cover_images%2F1675233703807?alt=media&token=0cab6fba-cfaf-446d-b204-6f889e63b328,aW5d6zkKb2M6zddVngDF,https://firebasestorage.googleapis.com/v0/b/mashrabenaab-203cb.appspot.com/o/article_htmls%2F%D8%AC%D9%88%D9%86%09%DB%B2%DB%B0%DB%B0%DB%B91675252593532.html?alt=media&token=2a17f6ef-5385-498c-95f9-111bba31661d
غزہ بنی اسرائیل اور آل فرعون کے محاصرے میں,4,-,p2gpgKlHr4xZ9CCnYdHJ,June 2009,https://firebasestorage.googleapis.com/v0/b/mashrabenaab-203cb.appspot.com/o/magazine_cover_images%2F1675233703807?alt=media&token=0cab6fba-cfaf-446d-b204-6f889e63b328,aZgeumjUOVmJc1pnBxRl,https://firebasestorage.googleapis.com/v0/b/mashrabenaab-203cb.appspot.com/o/article_htmls%2F%D8%AC%D9%88%D9%86%09%DB%B2%DB%B0%DB%B0%DB%B91675252903210.html?alt=media&token=8b75cf66-1a2b-4dbc-9715-f61718f891be
مشرب ناب در سخن ناب,4,4,p2gpgKlHr4xZ9CCnYdHJ,June 2009,https://firebasestorage.googleapis.com/v0/b/mashrabenaab-203cb.appspot.com/o/magazine_cover_images%2F1675233703807?alt=media&token=0cab6fba-cfaf-446d-b204-6f889e63b328,25bkwzIR2zyVW54lNURU,https://firebasestorage.googleapis.com/v0/b/mashrabenaab-203cb.appspot.com/o/article_htmls%2F%D8%AC%D9%88%D9%86%09%DB%B2%DB%B0%DB%B0%DB%B91675252482862.html?alt=media&token=bba81f1a-88a3-4d0b-8e6c-35e9f499e201
مظلومیت شیعہ در پاکستان و تکرار مظلومیت علیؑ,4,-,p2gpgKlHr4xZ9CCnYdHJ,June 2009,https://firebasestorage.googleapis.com/v0/b/mashrabenaab-203cb.appspot.com/o/magazine_cover_images%2F1675233703807?alt=media&token=0cab6fba-cfaf-446d-b204-6f889e63b328,gfzPuVOy0X5c4VvR1Kdr,https://firebasestorage.googleapis.com/v0/b/mashrabenaab-203cb.appspot.com/o/article_htmls%2F%D8%AC%D9%88%D9%86%09%DB%B2%DB%B0%DB%B0%DB%B91675252842848.html?alt=media&token=047aa787-f1c9-439a-86b1-d327cdb483f2
نہج البلاغہ علی کی دنیا,4,3,p2gpgKlHr4xZ9CCnYdHJ,June 2009,https://firebasestorage.googleapis.com/v0/b/mashrabenaab-203cb.appspot.com/o/magazine_cover_images%2F1675233703807?alt=media&token=0cab6fba-cfaf-446d-b204-6f889e63b328,Xr8n9xIOp26gEARidkso,https://firebasestorage.googleapis.com/v0/b/mashrabenaab-203cb.appspot.com/o/article_htmls%2F%D8%AC%D9%88%D9%86%09%DB%B2%DB%B0%DB%B0%DB%B91675252875697.html?alt=media&token=e10c293d-e49a-4da1-b1af-64e1b15db58f
افکار امام کی نظریاتی بنیادیں,5,5,XS3aVR9SiJX4O1G71sLI,August 2009,https://firebasestorage.googleapis.com/v0/b/mashrabenaab-203cb.appspot.com/o/magazine_cover_images%2F1675233730575?alt=media&token=fb25f7b3-a8d9-4ba1-b0c2-caac1d5edbdd,1keHI5gGo47EwWdFAxr7,https://firebasestorage.googleapis.com/v0/b/mashrabenaab-203cb.appspot.com/o/article_htmls%2F%D8%A7%DA%AF%D8%B3%D8%AA%09%DB%B2%DB%B0%DB%B0%DB%B91675252382826.html?alt=media&token=23285f1b-9b50-48c8-a7d9-90f887ea5118
ایران میں مخملی انقلاب کی ناکامی,5,-,XS3aVR9SiJX4O1G71sLI,August 2009,https://firebasestorage.googleapis.com/v0/b/mashrabenaab-203cb.appspot.com/o/magazine_cover_images%2F1675233730575?alt=media&token=fb25f7b3-a8d9-4ba1-b0c2-caac1d5edbdd,x6keKAf0gb7PqSGYBZ9Y,https://firebasestorage.googleapis.com/v0/b/mashrabenaab-203cb.appspot.com/o/article_htmls%2F%D8%A7%DA%AF%D8%B3%D8%AA%09%DB%B2%DB%B0%DB%B0%DB%B91675252210171.html?alt=media&token=f21ce3f8-48e8-42eb-b15f-88685694d8e3
بعثت اصلاح امت کا الٰہی فریضہ,5,-,XS3aVR9SiJX4O1G71sLI,August 2009,https://firebasestorage.googleapis.com/v0/b/mashrabenaab-203cb.appspot.com/o/magazine_cover_images%2F1675233730575?alt=media&token=fb25f7b3-a8d9-4ba1-b0c2-caac1d5edbdd,yj4XcdchKNVprszGfhkW,https://firebasestorage.googleapis.com/v0/b/mashrabenaab-203cb.appspot.com/o/article_htmls%2F%D8%A7%DA%AF%D8%B3%D8%AA%09%DB%B2%DB%B0%DB%B0%DB%B91675252098396.html?alt=media&token=802fc34c-3b92-4c30-a393-36167dba559f
حکمتِ علیؑ,5,-,XS3aVR9SiJX4O1G71sLI,August 2009,https://firebasestorage.googleapis.com/v0/b/mashrabenaab-203cb.appspot.com/o/magazine_cover_images%2F1675233730575?alt=media&token=fb25f7b3-a8d9-4ba1-b0c2-caac1d5edbdd,8I4H0ccy133Xl5us6tFA,https://firebasestorage.googleapis.com/v0/b/mashrabenaab-203cb.appspot.com/o/article_htmls%2F%D8%A7%DA%AF%D8%B3%D8%AA%09%DB%B2%DB%B0%DB%B0%DB%B91675252255274.html?alt=media&token=243763e4-0be0-4d0c-a720-50f2224fd82c
شناخت قران,5,5,XS3aVR9SiJX4O1G71sLI,August 2009,https://firebasestorage.googleapis.com/v0/b/mashrabenaab-203cb.appspot.com/o/magazine_cover_images%2F1675233730575?alt=media&token=fb25f7b3-a8d9-4ba1-b0c2-caac1d5edbdd,C9S32Ned4kIMb2JfSqjo,https://firebasestorage.googleapis.com/v0/b/mashrabenaab-203cb.appspot.com/o/article_htmls%2F%D8%A7%DA%AF%D8%B3%D8%AA%09%DB%B2%DB%B0%DB%B0%DB%B91675252042097.html?alt=media&token=3c6f1386-50b7-4e5d-a05f-4964771b9578
فلسفہ انتظار,5,-,XS3aVR9SiJX4O1G71sLI,August 2009,https://firebasestorage.googleapis.com/v0/b/mashrabenaab-203cb.appspot.com/o/magazine_cover_images%2F1675233730575?alt=media&token=fb25f7b3-a8d9-4ba1-b0c2-caac1d5edbdd,hpEDDXHDK0IzYIq3vbPL,https://firebasestorage.googleapis.com/v0/b/mashrabenaab-203cb.appspot.com/o/article_htmls%2F%D8%A7%DA%AF%D8%B3%D8%AA%09%DB%B2%DB%B0%DB%B0%DB%B91675252283507.html?alt=media&token=1525a898-e58d-4c07-bc7b-baa787b493d4
مشرب ناب در سخن ناب,5,5,XS3aVR9SiJX4O1G71sLI,August 2009,https://firebasestorage.googleapis.com/v0/b/mashrabenaab-203cb.appspot.com/o/magazine_cover_images%2F1675233730575?alt=media&token=fb25f7b3-a8d9-4ba1-b0c2-caac1d5edbdd,qbvfWdfzGtAPdLorpScx,https://firebasestorage.googleapis.com/v0/b/mashrabenaab-203cb.appspot.com/o/article_htmls%2F%D8%A7%DA%AF%D8%B3%D8%AA%09%DB%B2%DB%B0%DB%B0%DB%B91675251832447.html?alt=media&token=40cc0c61-79e2-42c8-b9ab-a17d0daebaab
اسلامی دنیا میں سعودی عرب کا کردار,6,-,nWzX3PJCmF78sdIiQjwZ,October 2009,https://firebasestorage.googleapis.com/v0/b/mashrabenaab-203cb.appspot.com/o/magazine_cover_images%2F1675233767414?alt=media&token=71100a56-ad47-4ec3-8dc6-c1fa96a2f0f8,o463X2vXs0g5EK4hjUOO,https://firebasestorage.googleapis.com/v0/b/mashrabenaab-203cb.appspot.com/o/article_htmls%2F%D8%A7%DA%A9%D8%AA%D9%88%D8%A8%D8%B1%09%DB%B2%DB%B0%DB%B0%DB%B91675251750967.html?alt=media&token=3672bb6b-e92f-41bc-973a-80997ca8ba0f
افکار امام کی نظریاتی بنیادیں,6,5,nWzX3PJCmF78sdIiQjwZ,October 2009,https://firebasestorage.googleapis.com/v0/b/mashrabenaab-203cb.appspot.com/o/magazine_cover_images%2F1675233767414?alt=media&token=71100a56-ad47-4ec3-8dc6-c1fa96a2f0f8,9ARb3RorpUOwC30bu1XU,https://firebasestorage.googleapis.com/v0/b/mashrabenaab-203cb.appspot.com/o/article_htmls%2F%D8%A7%DA%A9%D8%AA%D9%88%D8%A8%D8%B1%09%DB%B2%DB%B0%DB%B0%DB%B91675251577815.html?alt=media&token=99eee46a-75fe-4026-b918-8fd2812a63fa
حکمتِ علیؑ,6,-,nWzX3PJCmF78sdIiQjwZ,October 2009,https://firebasestorage.googleapis.com/v0/b/mashrabenaab-203cb.appspot.com/o/magazine_cover_images%2F1675233767414?alt=media&token=71100a56-ad47-4ec3-8dc6-c1fa96a2f0f8,gNSn9VBVEVGeLD1mOFIE,https://firebasestorage.googleapis.com/v0/b/mashrabenaab-203cb.appspot.com/o/article_htmls%2F%D8%A7%DA%A9%D8%AA%D9%88%D8%A8%D8%B1%09%DB%B2%DB%B0%DB%B0%DB%B91675251676662.html?alt=media&token=3953628c-d064-4bec-8e7a-d8ab3d8fd175
خروش مقاومت,6,-,nWzX3PJCmF78sdIiQjwZ,October 2009,https://firebasestorage.googleapis.com/v0/b/mashrabenaab-203cb.appspot.com/o/magazine_cover_images%2F1675233767414?alt=media&token=71100a56-ad47-4ec3-8dc6-c1fa96a2f0f8,rzH9kyI7Xp6G2hbZbZv8,https://firebasestorage.googleapis.com/v0/b/mashrabenaab-203cb.appspot.com/o/article_htmls%2F%D8%A7%DA%A9%D8%AA%D9%88%D8%A8%D8%B1%09%DB%B2%DB%B0%DB%B0%DB%B91675251780361.html?alt=media&token=11596ce6-0ff1-4fd5-aa4a-9bfaedd9217c
شناخت قران,6,6,nWzX3PJCmF78sdIiQjwZ,October 2009,https://firebasestorage.googleapis.com/v0/b/mashrabenaab-203cb.appspot.com/o/magazine_cover_images%2F1675233767414?alt=media&token=71100a56-ad47-4ec3-8dc6-c1fa96a2f0f8,5Rsiu8ma87OC1p4DnGgn,https://firebasestorage.googleapis.com/v0/b/mashrabenaab-203cb.appspot.com/o/article_htmls%2F%D8%A7%DA%A9%D8%AA%D9%88%D8%A8%D8%B1%09%DB%B2%DB%B0%DB%B0%DB%B91675251037445.html?alt=media&token=87ee8036-ce98-4639-8ef3-d27e02f652d0
مشرب ناب در سخن ناب,6,6,nWzX3PJCmF78sdIiQjwZ,October 2009,https://firebasestorage.googleapis.com/v0/b/mashrabenaab-203cb.appspot.com/o/magazine_cover_images%2F1675233767414?alt=media&token=71100a56-ad47-4ec3-8dc6-c1fa96a2f0f8,YlTFpE8yBHVORv0SAbkt,https://firebasestorage.googleapis.com/v0/b/mashrabenaab-203cb.appspot.com/o/article_htmls%2F%D8%A7%DA%A9%D8%AA%D9%88%D8%A8%D8%B1%09%DB%B2%DB%B0%DB%B0%DB%B91675251104519.html?alt=media&token=00faad95-a1da-4670-a6bc-0176d960f47e
وطن کی فکر کر ناداں,6,-,nWzX3PJCmF78sdIiQjwZ,October 2009,https://firebasestorage.googleapis.com/v0/b/mashrabenaab-203cb.appspot.com/o/magazine_cover_images%2F1675233767414?alt=media&token=71100a56-ad47-4ec3-8dc6-c1fa96a2f0f8,h3qbn3LSq8NqWKRIj1Ut,https://firebasestorage.googleapis.com/v0/b/mashrabenaab-203cb.appspot.com/o/article_htmls%2F%D8%A7%DA%A9%D8%AA%D9%88%D8%A8%D8%B1%09%DB%B2%DB%B0%DB%B0%DB%B91675251614267.html?alt=media&token=50b29daa-e96e-499f-bb53-3adf548b160f
اسلامی دنیا میں سعودی عرب کا کردار,7,-,w4NEGWbvsPQQ8FS41uy5,December 2009,https://firebasestorage.googleapis.com/v0/b/mashrabenaab-203cb.appspot.com/o/magazine_cover_images%2F1675233804520?alt=media&token=b29949e6-abbc-4eed-ba34-cf23944a2e56,lsZHbLLyhsUtLOnrSpbJ,https://firebasestorage.googleapis.com/v0/b/mashrabenaab-203cb.appspot.com/o/article_htmls%2F%D8%AF%D8%B3%D9%85%D8%A8%D8%B1%09%DB%B2%DB%B0%DB%B0%DB%B91675250918601.html?alt=media&token=7c6a5220-4e6f-4d3b-818e-60dcdbd4ddc4
افکار امام کی نظریاتی بنیادیں,7,7,w4NEGWbvsPQQ8FS41uy5,December 2009,https://firebasestorage.googleapis.com/v0/b/mashrabenaab-203cb.appspot.com/o/magazine_cover_images%2F1675233804520?alt=media&token=b29949e6-abbc-4eed-ba34-cf23944a2e56,aSNFyMbZ4avh8HmrQl1g,https://firebasestorage.googleapis.com/v0/b/mashrabenaab-203cb.appspot.com/o/article_htmls%2F%D8%AF%D8%B3%D9%85%D8%A8%D8%B1%09%DB%B2%DB%B0%DB%B0%DB%B91675250883698.html?alt=media&token=247c041d-1f5e-4729-9923-23b94a6b28ac
حج اپنی ذات سے میقات خدا تک سفر,7,-,w4NEGWbvsPQQ8FS41uy5,December 2009,https://firebasestorage.googleapis.com/v0/b/mashrabenaab-203cb.appspot.com/o/magazine_cover_images%2F1675233804520?alt=media&token=b29949e6-abbc-4eed-ba34-cf23944a2e56,NB0Iiw3ooGnkn4qlWswb,https://firebasestorage.googleapis.com/v0/b/mashrabenaab-203cb.appspot.com/o/article_htmls%2F%D8%AF%D8%B3%D9%85%D8%A8%D8%B1%09%DB%B2%DB%B0%DB%B0%DB%B91675250812265.html?alt=media&token=e8134777-2cd1-41f1-ba52-a8b44df31bb9
حکمتِ علیؑ,7,-,w4NEGWbvsPQQ8FS41uy5,December 2009,https://firebasestorage.googleapis.com/v0/b/mashrabenaab-203cb.appspot.com/o/magazine_cover_images%2F1675233804520?alt=media&token=b29949e6-abbc-4eed-ba34-cf23944a2e56,WUAbDZd7Lnzb8pVyyJzd,https://firebasestorage.googleapis.com/v0/b/mashrabenaab-203cb.appspot.com/o/article_htmls%2F%D8%AF%D8%B3%D9%85%D8%A8%D8%B1%09%DB%B2%DB%B0%DB%B0%DB%B91675250848721.html?alt=media&token=5c17a90e-4d39-41d2-be69-e81d753dd24d
شناخت قران,7,7,w4NEGWbvsPQQ8FS41uy5,December 2009,https://firebasestorage.googleapis.com/v0/b/mashrabenaab-203cb.appspot.com/o/magazine_cover_images%2F1675233804520?alt=media&token=b29949e6-abbc-4eed-ba34-cf23944a2e56,WplQSDvsdGRL4HyVYbLN,https://firebasestorage.googleapis.com/v0/b/mashrabenaab-203cb.appspot.com/o/article_htmls%2F%D8%AF%D8%B3%D9%85%D8%A8%D8%B1%09%DB%B2%DB%B0%DB%B0%DB%B91675250721940.html?alt=media&token=a18c22bf-afcd-4448-af93-e80e915aa6c2
مشرب نا ب متاع انسانیت,7,7,w4NEGWbvsPQQ8FS41uy5,December 2009,https://firebasestorage.googleapis.com/v0/b/mashrabenaab-203cb.appspot.com/o/magazine_cover_images%2F1675233804520?alt=media&token=b29949e6-abbc-4eed-ba34-cf23944a2e56,aiSwB7QjuDYsf8VPL6b2,https://firebasestorage.googleapis.com/v0/b/mashrabenaab-203cb.appspot.com/o/article_htmls%2F%D8%AF%D8%B3%D9%85%D8%A8%D8%B1%09%DB%B2%DB%B0%DB%B0%DB%B91675250666190.html?alt=media&token=8361697e-e19e-4364-b2da-61e1699fe005
اسلام زندہ ہوتاہے ہر کربلا کے بعد,8,-,rR5JQRDSy42G90x41ixX,February 2010,https://firebasestorage.googleapis.com/v0/b/mashrabenaab-203cb.appspot.com/o/magazine_cover_images%2F1675233900897?alt=media&token=716b5bee-2016-41b1-b783-858781246ddd,6jdoBICtE73RYQnF8l2O,https://firebasestorage.googleapis.com/v0/b/mashrabenaab-203cb.appspot.com/o/article_htmls%2F%D9%81%D8%B1%D9%88%D8%B1%DB%8C%09%DB%B2%DB%B0%DB%B1%DB%B01676629485598.html?alt=media&token=38727437-0cd7-4902-9e27-eb958ad1f999
اسلامی دنیا میں سعودی عرب کا کردار,8,-,rR5JQRDSy42G90x41ixX,February 2010,https://firebasestorage.googleapis.com/v0/b/mashrabenaab-203cb.appspot.com/o/magazine_cover_images%2F1675233900897?alt=media&token=716b5bee-2016-41b1-b783-858781246ddd,8c75J97IY9GTR9QinLuw,https://firebasestorage.googleapis.com/v0/b/mashrabenaab-203cb.appspot.com/o/article_htmls%2F%D9%81%D8%B1%D9%88%D8%B1%DB%8C%09%DB%B2%DB%B0%DB%B1%DB%B01675250321985.html?alt=media&token=368387d6-624d-48cf-9a50-6a19002e8374
افکار امام کی نظریاتی بنیادیں,8,8,rR5JQRDSy42G90x41ixX,February 2010,https://firebasestorage.googleapis.com/v0/b/mashrabenaab-203cb.appspot.com/o/magazine_cover_images%2F1675233900897?alt=media&token=716b5bee-2016-41b1-b783-858781246ddd,CoBly1IkIZeoa5UVks4N,https://firebasestorage.googleapis.com/v0/b/mashrabenaab-203cb.appspot.com/o/article_htmls%2F%D9%81%D8%B1%D9%88%D8%B1%DB%8C%09%DB%B2%DB%B0%DB%B1%DB%B01675250353220.html?alt=media&token=6376ec8b-920f-4279-8922-22231b6a3ef0
حضرت زینب س  سکوت شکن اسوہ,8,-,rR5JQRDSy42G90x41ixX,February 2010,https://firebasestorage.googleapis.com/v0/b/mashrabenaab-203cb.appspot.com/o/magazine_cover_images%2F1675233900897?alt=media&token=716b5bee-2016-41b1-b783-858781246ddd,FI4yNToeDyp2thmVxpZM,https://firebasestorage.googleapis.com/v0/b/mashrabenaab-203cb.appspot.com/o/article_htmls%2F%D9%81%D8%B1%D9%88%D8%B1%DB%8C%09%DB%B2%DB%B0%DB%B1%DB%B01675250578223.html?alt=media&token=ff701910-1067-4bba-877e-9b5b38365135
دورحاضر کی یزیدیت,8,-,rR5JQRDSy42G90x41ixX,February 2010,https://firebasestorage.googleapis.com/v0/b/mashrabenaab-203cb.appspot.com/o/magazine_cover_images%2F1675233900897?alt=media&token=716b5bee-2016-41b1-b783-858781246ddd,xMxZ3BoYRXSUxbrpOWAK,https://firebasestorage.googleapis.com/v0/b/mashrabenaab-203cb.appspot.com/o/article_htmls%2F%D9%81%D8%B1%D9%88%D8%B1%DB%8C%09%DB%B2%DB%B0%DB%B1%DB%B01676629371408.html?alt=media&token=93f3d20a-d3a7-470e-878e-97b3b4276a7f
شناخت قران,8,8,rR5JQRDSy42G90x41ixX,February 2010,https://firebasestorage.googleapis.com/v0/b/mashrabenaab-203cb.appspot.com/o/magazine_cover_images%2F1675233900897?alt=media&token=716b5bee-2016-41b1-b783-858781246ddd,qsOkXu2tUuKlAPJ5E7ua,https://firebasestorage.googleapis.com/v0/b/mashrabenaab-203cb.appspot.com/o/article_htmls%2F%D9%81%D8%B1%D9%88%D8%B1%DB%8C%09%DB%B2%DB%B0%DB%B1%DB%B01675250295621.html?alt=media&token=4bb8c529-682c-4bf2-aa6e-032dccd61666
مشرب ناب در سخن ناب,8,-,rR5JQRDSy42G90x41ixX,February 2010,https://firebasestorage.googleapis.com/v0/b/mashrabenaab-203cb.appspot.com/o/magazine_cover_images%2F1675233900897?alt=media&token=716b5bee-2016-41b1-b783-858781246ddd,RPwX2MeovVIIJJ7ljNsG,https://firebasestorage.googleapis.com/v0/b/mashrabenaab-203cb.appspot.com/o/article_htmls%2F%D9%81%D8%B1%D9%88%D8%B1%DB%8C%09%DB%B2%DB%B0%DB%B1%DB%B01675250095925.html?alt=media&token=1103ff2e-36d2-4ea9-8ea1-ddab7ca27abc
وطن کی فکر کر ناداں,8,-,rR5JQRDSy42G90x41ixX,February 2010,https://firebasestorage.googleapis.com/v0/b/mashrabenaab-203cb.appspot.com/o/magazine_cover_images%2F1675233900897?alt=media&token=716b5bee-2016-41b1-b783-858781246ddd,RbNw7V5nBsciFUQV42ck,https://firebasestorage.googleapis.com/v0/b/mashrabenaab-203cb.appspot.com/o/article_htmls%2F%D9%81%D8%B1%D9%88%D8%B1%DB%8C%09%DB%B2%DB%B0%DB%B1%DB%B01675250377222.html?alt=media&token=f5506e0b-912d-4e9d-8352-19c1671f6ae3
پیغمبر اکرم ؐ مرکزِ وحدتِ امت,9,-,FIOo3GPKtViz7JaP4FUa,April 2010,https://firebasestorage.googleapis.com/v0/b/mashrabenaab-203cb.appspot.com/o/magazine_cover_images%2F1675249873064?alt=media&token=daf63e50-a956-49fa-a7f3-11a8799e3976,2wBBgv9QbsC737SgdsFR,https://firebasestorage.googleapis.com/v0/b/mashrabenaab-203cb.appspot.com/o/article_htmls%2F%D8%A7%D9%BE%D8%B1%DB%8C%D9%84%09%DB%B2%DB%B0%DB%B1%DB%B01676630116014.html?alt=media&token=7743f59b-1792-48e0-85b1-798b2ad01c3c
حکمتِ علیؑ,9,-,FIOo3GPKtViz7JaP4FUa,April 2010,https://firebasestorage.googleapis.com/v0/b/mashrabenaab-203cb.appspot.com/o/magazine_cover_images%2F1675249873064?alt=media&token=daf63e50-a956-49fa-a7f3-11a8799e3976,jXetgFVG8LsntYoUQ62E,https://firebasestorage.googleapis.com/v0/b/mashrabenaab-203cb.appspot.com/o/article_htmls%2F%D8%A7%D9%BE%D8%B1%DB%8C%D9%84%09%DB%B2%DB%B0%DB%B1%DB%B01675250010194.html?alt=media&token=a2471721-9630-4b97-ac35-8e72941465b9
دین کا فراموش شدہ رکن  اور اس کے اثرات,9,-,FIOo3GPKtViz7JaP4FUa,April 2010,https://firebasestorage.googleapis.com/v0/b/mashrabenaab-203cb.appspot.com/o/magazine_cover_images%2F1675249873064?alt=media&token=daf63e50-a956-49fa-a7f3-11a8799e3976,GAzfz16RC7mG3JeAwo4V,https://firebasestorage.googleapis.com/v0/b/mashrabenaab-203cb.appspot.com/o/article_htmls%2F%D8%A7%D9%BE%D8%B1%DB%8C%D9%84%09%DB%B2%DB%B0%DB%B1%DB%B01675249976019.html?alt=media&token=94c2337c-48cf-4e39-8274-997d108a1f30
شناخت قران,9,9,FIOo3GPKtViz7JaP4FUa,April 2010,https://firebasestorage.googleapis.com/v0/b/mashrabenaab-203cb.appspot.com/o/magazine_cover_images%2F1675249873064?alt=media&token=daf63e50-a956-49fa-a7f3-11a8799e3976,jcGUGGd0qClnNr47PQZl,https://firebasestorage.googleapis.com/v0/b/mashrabenaab-203cb.appspot.com/o/article_htmls%2F%D8%A7%D9%BE%D8%B1%DB%8C%D9%84%09%DB%B2%DB%B0%DB%B1%DB%B01675249902617.html?alt=media&token=70f5af8e-6942-451f-b4f0-038ab404d44c
وطن کی فکر کر ناداں,9,-,FIOo3GPKtViz7JaP4FUa,April 2010,https://firebasestorage.googleapis.com/v0/b/mashrabenaab-203cb.appspot.com/o/magazine_cover_images%2F1675249873064?alt=media&token=daf63e50-a956-49fa-a7f3-11a8799e3976,QHRad7KJocMbsPPhjzsC,https://firebasestorage.googleapis.com/v0/b/mashrabenaab-203cb.appspot.com/o/article_htmls%2F%D8%A7%D9%BE%D8%B1%DB%8C%D9%84%09%DB%B2%DB%B0%DB%B1%DB%B01676630196090.html?alt=media&token=77bf37e6-1355-41f6-a292-a8ec3734c5ff
تحجر کی مقدس دلدل تجدد کا سراب و انقلاب اسلامی پاکستان کی راہ نجات,10,-,lWn3XwZW65iKJjYrkhHS,June 2010,https://firebasestorage.googleapis.com/v0/b/mashrabenaab-203cb.appspot.com/o/magazine_cover_images%2F1675248227416?alt=media&token=2d425f26-f671-489b-bd9c-04d85dd051bd,AoZg60LC6ECm7LHHhtWi,https://firebasestorage.googleapis.com/v0/b/mashrabenaab-203cb.appspot.com/o/article_htmls%2F%D8%AC%D9%88%D9%84%D8%A7%D8%A6%DB%8C%09%DB%B2%DB%B0%DB%B1%DB%B01675249046372.html?alt=media&token=a2ddcb42-ed8c-4a28-b56c-4ee1b91e1ea1
حضرت زہرا س اسوہ کاملہ,10,-,lWn3XwZW65iKJjYrkhHS,June 2010,https://firebasestorage.googleapis.com/v0/b/mashrabenaab-203cb.appspot.com/o/magazine_cover_images%2F1675248227416?alt=media&token=2d425f26-f671-489b-bd9c-04d85dd051bd,wTWZJMwu0qT0gLRwxVnq,https://firebasestorage.googleapis.com/v0/b/mashrabenaab-203cb.appspot.com/o/article_htmls%2F%D8%AC%D9%88%D9%84%D8%A7%D8%A6%DB%8C%09%DB%B2%DB%B0%DB%B1%DB%B01675249022491.html?alt=media&token=021cac43-25a4-4c98-a6ea-9bb0d2195182
حکمتِ علیؑ,10,-,lWn3XwZW65iKJjYrkhHS,June 2010,https://firebasestorage.googleapis.com/v0/b/mashrabenaab-203cb.appspot.com/o/magazine_cover_images%2F1675248227416?alt=media&token=2d425f26-f671-489b-bd9c-04d85dd051bd,7RX0VhjCaarmi2Iefb0M,https://firebasestorage.googleapis.com/v0/b/mashrabenaab-203cb.appspot.com/o/article_htmls%2F%D8%AC%D9%88%D9%84%D8%A7%D8%A6%DB%8C%09%DB%B2%DB%B0%DB%B1%DB%B01675248533568.html?alt=media&token=cdef3255-08b2-4ec8-8fed-dbe74b657431
حوزہ علمیہ جامعة العروة الوثقیٰ کا تعارف,10,-,lWn3XwZW65iKJjYrkhHS,June 2010,https://firebasestorage.googleapis.com/v0/b/mashrabenaab-203cb.appspot.com/o/magazine_cover_images%2F1675248227416?alt=media&token=2d425f26-f671-489b-bd9c-04d85dd051bd,CrcLnAZ4sYbmk5ASECBt,https://firebasestorage.googleapis.com/v0/b/mashrabenaab-203cb.appspot.com/o/article_htmls%2F%D8%AC%D9%88%D9%84%D8%A7%D8%A6%DB%8C%09%DB%B2%DB%B0%DB%B1%DB%B01675248589338.html?alt=media&token=8346292a-3a84-4412-8e93-8932ded542e5
شناخت قران,10,10,lWn3XwZW65iKJjYrkhHS,June 2010,https://firebasestorage.googleapis.com/v0/b/mashrabenaab-203cb.appspot.com/o/magazine_cover_images%2F1675248227416?alt=media&token=2d425f26-f671-489b-bd9c-04d85dd051bd,1nb6ZR8fgiFV267C0vfP,https://firebasestorage.googleapis.com/v0/b/mashrabenaab-203cb.appspot.com/o/article_htmls%2F%D8%AC%D9%88%D9%84%D8%A7%D8%A6%DB%8C%09%DB%B2%DB%B0%DB%B1%DB%B01675248265656.html?alt=media&token=5cb1cc91-5357-45ce-828b-b9ed957470c6
وطن کی فکر کر ناداں,10,-,lWn3XwZW65iKJjYrkhHS,June 2010,https://firebasestorage.googleapis.com/v0/b/mashrabenaab-203cb.appspot.com/o/magazine_cover_images%2F1675248227416?alt=media&token=2d425f26-f671-489b-bd9c-04d85dd051bd,2oKOv4RAvn1iZOfKrCgn,https://firebasestorage.googleapis.com/v0/b/mashrabenaab-203cb.appspot.com/o/article_htmls%2F%D8%AC%D9%88%D9%84%D8%A7%D8%A6%DB%8C%09%DB%B2%DB%B0%DB%B1%DB%B01675248991161.html?alt=media&token=f8a3c164-5433-4037-aa42-4b7e53d232c7